<?xml version="1.0" encoding="UTF-8"?>

<!--Autogenerated by Cloudera Manager-->
<configuration>
  <property>
    <name>sqoop.connection.factories</name>
    <value></value>
  </property>
  <property>
    <name>sqoop.tool.plugins</name>
    <value></value>
  </property>
  <property>
    <name>sqoop.metastore.client.autoconnect.url</name>
    <value>jdbc:hsqldb:hsql://ip-172-31-44-83.ec2.internal:16000/sqoop</value>
    <description>The connect string to use when connecting to a
      job-management metastore. If unspecified, uses ~/.sqoop/.
      You can specify a different path here.
    </description>
  </property>

  <property>
    <name>sqoop.metastore.client.record.password</name>
    <value>true</value>
    <description>If true, allow saved passwords in the metastore.
    </description>
  </property>
</configuration>
